{"Env": {"_type": "image-file", "sha256": "ded41e12a2ce93e226defdd2f10a535562c313ff49aab1c92bda1937f8a4479c", "size": 514467, "path": "media/images/Env_0_ded41e12a2ce93e226de.png", "format": "png", "width": 812, "height": 650}, "_timestamp": 1707687560.8614426, "_runtime": 15627.934739589691, "_step": 10093, "total_avg_loss": -1.5882315635681152, "eval_score": 0.0016355685656890273, "best_eval_score": 0.001637340639717877, "train_iteration": 24, "train_r2_score": -0.3559383451938629, "eval_r2_score": 0.9093816876411438, "train_epoch": 249, "best_trajectory_value": 1.482394814491272, "trajectory_optimization_iteration": 9741, "episode_steps": 4, "episode_reward": 2.8809523809523814, "env_episode": 121}