{"Env": {"_type": "image-file", "sha256": "dbd179a305161a1287bc0390e456bc7b44388e25530dec50e851ee13c0f7d6ba", "size": 515202, "path": "media/images/Env_0_dbd179a305161a1287bc.png", "format": "png", "width": 812, "height": 650}, "_timestamp": 1707728894.8165758, "_runtime": 40138.34943675995, "_step": 8877, "total_avg_loss": -2.8591229915618896, "eval_score": 0.0002322174550499767, "best_eval_score": 0.00023296444851439446, "train_iteration": 21, "train_r2_score": 0.5071622133255005, "eval_r2_score": 0.9485263824462891, "train_epoch": 219, "best_trajectory_value": 0.4277536869049072, "trajectory_optimization_iteration": 8570, "episode_steps": 4, "episode_reward": 2.8923076923076922, "env_episode": 106}