{"Env": {"_type": "image-file", "sha256": "30d7b68c340e9cf6e0e5af4d4e468444ff1f22a4c15e77d7da465f8acb4f6d6e", "size": 521201, "path": "media/images/Env_0_30d7b68c340e9cf6e0e5.png", "format": "png", "width": 812, "height": 650}, "_timestamp": 1707476511.6012044, "_runtime": 62803.41566634178, "_step": 28336, "total_avg_loss": 0.7778906226158142, "eval_score": 0.27473264932632446, "best_eval_score": 0.2759458124637604, "train_iteration": 68, "train_r2_score": -0.7791998982429504, "eval_r2_score": 0.8652884364128113, "train_epoch": 689, "best_trajectory_value": 3.0450146198272705, "trajectory_optimization_iteration": 27324, "episode_steps": 4, "episode_reward": 3.1833333333333336, "env_episode": 341}