{"Env": {"_type": "image-file", "sha256": "f9895661a3a65630c4a4eb2cbaa2aa9844c24493b964b16a770d8f33a079f88d", "size": 515146, "path": "media/images/Env_0_f9895661a3a65630c4a4.png", "format": "png", "width": 812, "height": 650}, "_timestamp": 1707688869.5004978, "_runtime": 125.83351588249207, "_step": 171, "total_avg_loss": 0.7078368067741394, "eval_score": 0.020071610808372498, "best_eval_score": 0.020071610808372498, "train_iteration": 0, "train_r2_score": -315.3963317871094, "eval_r2_score": -9.036877632141113, "train_epoch": 9, "best_trajectory_value": 1.2086776494979858, "trajectory_optimization_iteration": 179, "episode_steps": 4, "episode_reward": 1.2315789473684209, "env_episode": 1, "_wandb": {"runtime": 125}}