{"Env": {"_type": "image-file", "sha256": "c31d968d2770bb48d6b81680f96eec1f8f57a84759361dfa01a66671e5e9ce81", "size": 514587, "path": "media/images/Env_0_c31d968d2770bb48d6b8.png", "format": "png", "width": 812, "height": 650}, "_timestamp": 1707687567.2207365, "_runtime": 15636.634575605392, "_step": 11335, "total_avg_loss": 1.040735125541687, "eval_score": 0.3835141062736511, "best_eval_score": 0.3825156092643738, "train_iteration": 27, "train_r2_score": -0.22805047035217285, "eval_r2_score": 0.8629435896873474, "train_epoch": 279, "best_trajectory_value": 1.986722707748413, "trajectory_optimization_iteration": 10938, "episode_steps": 4, "episode_reward": 3.1, "env_episode": 136}