{"Env": {"_type": "image-file", "sha256": "4966bf9d8c7a19ff805b824d75e82e371c096bd483300e9365900d49514027a9", "size": 517102, "path": "media/images/Env_0_4966bf9d8c7a19ff805b.png", "format": "png", "width": 812, "height": 650}, "_timestamp": 1707728771.8621187, "_runtime": 40027.570346832275, "_step": 9612, "total_avg_loss": -2.335371494293213, "eval_score": 0.0005240932805463672, "best_eval_score": 0.0005286479718051851, "train_iteration": 23, "train_r2_score": 0.17132265865802765, "eval_r2_score": 0.5524060130119324, "train_epoch": 239, "best_trajectory_value": 1.5632498264312744, "trajectory_optimization_iteration": 9276, "episode_steps": 4, "episode_reward": 2.500148544266191, "env_episode": 115}