{"Env": {"_type": "image-file", "sha256": "ab85f5c5016242584284e7b2a7a122016532b94c7e132fe6162bd3d7091a0490", "size": 518790, "path": "media/images/Env_0_ab85f5c5016242584284.png", "format": "png", "width": 812, "height": 650}, "_timestamp": 1707687580.0657814, "_runtime": 15641.449798345566, "_step": 9721, "total_avg_loss": -1.810681939125061, "eval_score": 0.0016538676572963595, "best_eval_score": 0.0016610778402537107, "train_iteration": 23, "train_r2_score": -0.6145012974739075, "eval_r2_score": 0.9375994205474854, "train_epoch": 239, "best_trajectory_value": 3.296236515045166, "trajectory_optimization_iteration": 9383, "episode_steps": 4, "episode_reward": 3.5, "env_episode": 117}