{"Env": {"_type": "image-file", "sha256": "b362689a334ab4422164d1b5bf0232509297f43dd56aad55e831d0b37d063427", "size": 514489, "path": "media/images/Env_0_b362689a334ab4422164.png", "format": "png", "width": 812, "height": 650}, "_timestamp": 1707476509.4560113, "_runtime": 62802.741923332214, "_step": 24451, "total_avg_loss": 0.8560757040977478, "eval_score": 0.3045010566711426, "best_eval_score": 0.30580681562423706, "train_iteration": 58, "train_r2_score": -0.7115249037742615, "eval_r2_score": 0.8648120760917664, "train_epoch": 589, "best_trajectory_value": 2.6642210483551025, "trajectory_optimization_iteration": 23586, "episode_steps": 4, "episode_reward": 3.5833333333333335, "env_episode": 294}