{"Env": {"_type": "image-file", "sha256": "f0a4a62bf28884febcfa69523fbb1ff785f590d2e9fc89029ae6c8222c8c2885", "size": 516159, "path": "media/images/Env_0_f0a4a62bf28884febcfa.png", "format": "png", "width": 812, "height": 650}, "_timestamp": 1707477526.4847257, "_runtime": 43240.22332882881, "_step": 18274, "total_avg_loss": 1.3993386030197144, "eval_score": 0.5750442147254944, "best_eval_score": 0.5770007967948914, "train_iteration": 44, "train_r2_score": -1.5300909280776978, "eval_r2_score": 0.7827828526496887, "train_epoch": 449, "best_trajectory_value": 5.397997856140137, "trajectory_optimization_iteration": 17623, "episode_steps": 4, "episode_reward": 2.492118051440085, "env_episode": 220}