{"Env": {"_type": "image-file", "sha256": "1f681c48a30048fbadd78368cbb34407ae8e7ae1fdbc16f00a5731cce1489b6d", "size": 514070, "path": "media/images/Env_0_1f681c48a30048fbadd7.png", "format": "png", "width": 812, "height": 650}, "_timestamp": 1707476479.565936, "_runtime": 67799.11596417427, "_step": 27084, "total_avg_loss": 0.8112316131591797, "eval_score": 0.25443631410598755, "best_eval_score": 0.2547179162502289, "train_iteration": 59, "train_r2_score": -1.4584288597106934, "eval_r2_score": 0.8337392210960388, "train_epoch": 2999, "best_trajectory_value": 2.606987237930298, "trajectory_optimization_iteration": 23806, "episode_steps": 4, "episode_reward": 3.8333333333333335, "env_episode": 297}