{"Env": {"_type": "image-file", "sha256": "b04f86e9a98ad3129490667fe8c13937ac8cb6f72213f93dbd025fa5f6feed20", "size": 518689, "path": "media/images/Env_0_b04f86e9a98ad3129490.png", "format": "png", "width": 812, "height": 650}, "_timestamp": 1707688838.1836672, "_runtime": 94.61897420883179, "_step": 171, "total_avg_loss": 2.637371778488159, "eval_score": 2.3104610443115234, "best_eval_score": 2.3104610443115234, "train_iteration": 0, "train_r2_score": -0.21464526653289795, "eval_r2_score": 0.4244292676448822, "train_epoch": 9, "best_trajectory_value": 1.7979066371917725, "trajectory_optimization_iteration": 179, "episode_steps": 4, "episode_reward": 0.0, "env_episode": 1, "_wandb": {"runtime": 94}}