{"Env": {"_type": "image-file", "sha256": "f92f222a2a7c94af0abb721b80cd65ac03b13464692e99a3c61618950fd11329", "size": 519165, "path": "media/images/Env_0_f92f222a2a7c94af0abb.png", "format": "png", "width": 812, "height": 650}, "_timestamp": 1707688810.9900978, "_runtime": 67.280113697052, "_step": 171, "total_avg_loss": 3.3377997875213623, "eval_score": 2.503058433532715, "best_eval_score": 2.503058433532715, "train_iteration": 0, "train_r2_score": -0.3053005635738373, "eval_r2_score": 0.6315101385116577, "train_epoch": 9, "best_trajectory_value": 1.8905518054962158, "trajectory_optimization_iteration": 179, "episode_steps": 4, "episode_reward": 0.8736842105263158, "env_episode": 1, "_wandb": {"runtime": 68}}