{"Env": {"_type": "image-file", "sha256": "7688c54bd06b7c9cb6dec77a99a6850ab97f21c2b79e3bb11ac9c41f02f1ea62", "size": 515177, "path": "media/images/Env_0_7688c54bd06b7c9cb6de.png", "format": "png", "width": 812, "height": 650}, "_timestamp": 1707476508.7726183, "_runtime": 62803.14817118645, "_step": 26479, "total_avg_loss": 0.7991400361061096, "eval_score": 0.3074423372745514, "best_eval_score": 0.31043362617492676, "train_iteration": 63, "train_r2_score": -0.7758054733276367, "eval_r2_score": 0.8521638512611389, "train_epoch": 639, "best_trajectory_value": 3.1019461154937744, "trajectory_optimization_iteration": 25539, "episode_steps": 4, "episode_reward": 3.2142857142857144, "env_episode": 319}