{"Env": {"_type": "image-file", "sha256": "d9e45cc16b938b798216e29adf5d7bd35e9427795a57e376d8c769e762c32b18", "size": 514062, "path": "media/images/Env_0_d9e45cc16b938b798216.png", "format": "png", "width": 812, "height": 650}, "_timestamp": 1707476467.9629004, "_runtime": 67792.65101647377, "_step": 27937, "total_avg_loss": 0.8670327067375183, "eval_score": 0.2984938621520996, "best_eval_score": 0.2988472282886505, "train_iteration": 61, "train_r2_score": -0.8008320927619934, "eval_r2_score": 0.8635675311088562, "train_epoch": 3099, "best_trajectory_value": 2.2071094512939453, "trajectory_optimization_iteration": 24550, "episode_steps": 4, "episode_reward": 3.25, "env_episode": 306}