{"Env": {"_type": "image-file", "sha256": "3f19c55c0308d0d983b537520827a40c9661a92851a2501a72022c8197c2ecb3", "size": 517905, "path": "media/images/Env_0_3f19c55c0308d0d983b5.png", "format": "png", "width": 812, "height": 650}, "_timestamp": 1707477533.7644434, "_runtime": 43252.19530129433, "_step": 20000, "total_avg_loss": 1.3466583490371704, "eval_score": 0.35565268993377686, "best_eval_score": 0.3569009602069855, "train_iteration": 48, "train_r2_score": -0.2905914783477783, "eval_r2_score": 0.87776118516922, "train_epoch": 489, "best_trajectory_value": 4.795138835906982, "trajectory_optimization_iteration": 19289, "episode_steps": 4, "episode_reward": 2.696938775510204, "env_episode": 240}