{"Env": {"_type": "image-file", "sha256": "4a4109725c4b7e332345e0a2543c3be0be02e3a8d86cb63d738742dbcf94f9bd", "size": 515486, "path": "media/images/Env_0_4a4109725c4b7e332345.png", "format": "png", "width": 812, "height": 650}, "_timestamp": 1707451510.829814, "_runtime": 17224.545736074448, "_step": 4687, "total_avg_loss": 0.3908896744251251, "eval_score": 0.07660877704620361, "best_eval_score": 0.07660877704620361, "train_iteration": 11, "train_r2_score": -Infinity, "eval_r2_score": -Infinity, "train_epoch": 119, "best_trajectory_value": 3.4007339477539062, "trajectory_optimization_iteration": 4530, "episode_steps": 4, "episode_reward": 0.26190476190476186, "env_episode": 56}