{"Env": {"_type": "image-file", "sha256": "81012fb5b307bb756ed98e75103dd795d91af0e0d9480fbfe294c315df9c1c05", "size": 516092, "path": "media/images/Env_0_81012fb5b307bb756ed9.png", "format": "png", "width": 812, "height": 650}, "_timestamp": 1707451767.2790725, "_runtime": 17480.996361494064, "_step": 4577, "total_avg_loss": 0.7132812142372131, "eval_score": 0.14842532575130463, "best_eval_score": 0.14842532575130463, "train_iteration": 11, "train_r2_score": -Infinity, "eval_r2_score": -Infinity, "train_epoch": 119, "best_trajectory_value": 0.7575093507766724, "trajectory_optimization_iteration": 4421, "episode_steps": 4, "episode_reward": 0.5159663865546219, "env_episode": 55}