{"Env": {"_type": "image-file", "sha256": "1d3edbf51676fc5062c2585b76833c17db6260578cc24640af03858fc2e80e4b", "size": 514592, "path": "media/images/Env_0_1d3edbf51676fc5062c2.png", "format": "png", "width": 812, "height": 650}, "_timestamp": 1707687567.9944956, "_runtime": 15629.81762766838, "_step": 10943, "total_avg_loss": 0.691824197769165, "eval_score": 0.2433437556028366, "best_eval_score": 0.24386543035507202, "train_iteration": 26, "train_r2_score": -0.29467448592185974, "eval_r2_score": 0.942115306854248, "train_epoch": 269, "best_trajectory_value": 1.032760500907898, "trajectory_optimization_iteration": 10561, "episode_steps": 4, "episode_reward": 3.428571428571429, "env_episode": 131}