{"Env": {"_type": "image-file", "sha256": "4cf2e17428ceb55a171fee8e954f849b54e0eb82a0b6ad8b37e9cdfd3c07880b", "size": 518789, "path": "media/images/Env_0_4cf2e17428ceb55a171f.png", "format": "png", "width": 812, "height": 650}, "_timestamp": 1707688858.1233487, "_runtime": 114.26173067092896, "_step": 171, "total_avg_loss": 0.7073006629943848, "eval_score": 0.01906978152692318, "best_eval_score": 0.01906978152692318, "train_iteration": 0, "train_r2_score": -641.3014526367188, "eval_r2_score": -27.013900756835938, "train_epoch": 9, "best_trajectory_value": 1.3204118013381958, "trajectory_optimization_iteration": 179, "episode_steps": 4, "episode_reward": 1.0736842105263158, "env_episode": 1, "_wandb": {"runtime": 114}}