{"Env": {"_type": "image-file", "sha256": "83b5930786939a3ed6ac99a3b9eea01085d4eb3bd307c08857f276508a73744e", "size": 517061, "path": "media/images/Env_0_83b5930786939a3ed6ac.png", "format": "png", "width": 812, "height": 650}, "_timestamp": 1707688861.8143172, "_runtime": 118.25129127502441, "_step": 171, "total_avg_loss": 0.7152518033981323, "eval_score": 0.019939525052905083, "best_eval_score": 0.019939525052905083, "train_iteration": 0, "train_r2_score": -613.7765502929688, "eval_r2_score": -17.399030685424805, "train_epoch": 9, "best_trajectory_value": 1.0395400524139404, "trajectory_optimization_iteration": 179, "episode_steps": 4, "episode_reward": 1.0736842105263158, "env_episode": 1, "_wandb": {"runtime": 118}}