{"Env": {"_type": "image-file", "sha256": "8acdafa9c04b213d179e43138e70728c907e8c5eb7474aeabb7f1c8c55340111", "size": 517136, "path": "media/images/Env_0_8acdafa9c04b213d179e.png", "format": "png", "width": 812, "height": 650}, "_timestamp": 1707477525.652889, "_runtime": 43239.356661081314, "_step": 17262, "total_avg_loss": 1.230883240699768, "eval_score": 0.5319309830665588, "best_eval_score": 0.532643735408783, "train_iteration": 41, "train_r2_score": -0.06127341464161873, "eval_r2_score": 0.8608317971229553, "train_epoch": 419, "best_trajectory_value": 8.753945350646973, "trajectory_optimization_iteration": 16654, "episode_steps": 4, "episode_reward": 2.667794644739616, "env_episode": 207}