{"Env": {"_type": "image-file", "sha256": "cdbbc6731c25607000d0f9de406dd7a30f7ac92f3da11fd945de64effc8e00db", "size": 515542, "path": "media/images/Env_0_cdbbc6731c25607000d0.png", "format": "png", "width": 812, "height": 650}, "_timestamp": 1707476488.0296106, "_runtime": 67804.72282671928, "_step": 30993, "total_avg_loss": 0.7775505185127258, "eval_score": 0.23616938292980194, "best_eval_score": 0.23564034700393677, "train_iteration": 68, "train_r2_score": -0.7984889149665833, "eval_r2_score": 0.8616704940795898, "train_epoch": 3449, "best_trajectory_value": 3.3214097023010254, "trajectory_optimization_iteration": 27222, "episode_steps": 4, "episode_reward": 4.0, "env_episode": 340}