{"Env": {"_type": "image-file", "sha256": "24ceddad4af1fb0bd86e7f88297260c866c07ce62d59e3b91191ce2b10b962f6", "size": 518615, "path": "media/images/Env_0_24ceddad4af1fb0bd86e.png", "format": "png", "width": 812, "height": 650}, "_timestamp": 1707728889.9325233, "_runtime": 40133.46246933937, "_step": 8984, "total_avg_loss": -2.3175876140594482, "eval_score": 0.0006159498007036746, "best_eval_score": 0.0006195487803779542, "train_iteration": 21, "train_r2_score": 0.20171676576137543, "eval_r2_score": 0.5832103490829468, "train_epoch": 219, "best_trajectory_value": 3.5580525398254395, "trajectory_optimization_iteration": 8675, "episode_steps": 4, "episode_reward": 2.6123481781376516, "env_episode": 108}