{"Env": {"_type": "image-file", "sha256": "14e4b02fbf3c0a8f6d2339e8e9296141f520ebc8dd66f178b7e1bfe8f0fb9b62", "size": 522722, "path": "media/images/Env_0_14e4b02fbf3c0a8f6d23.png", "format": "png", "width": 812, "height": 650}, "_timestamp": 1707688833.5233555, "_runtime": 89.54910254478455, "_step": 171, "total_avg_loss": 2.674997329711914, "eval_score": 2.346606492996216, "best_eval_score": 2.346606492996216, "train_iteration": 0, "train_r2_score": -0.7178274393081665, "eval_r2_score": 0.4353097677230835, "train_epoch": 9, "best_trajectory_value": 1.658050775527954, "trajectory_optimization_iteration": 179, "episode_steps": 4, "episode_reward": 0.9578947368421052, "env_episode": 1, "_wandb": {"runtime": 90}}