{"Env": {"_type": "image-file", "sha256": "171d22d40dccf4fbbceaccfe7b60412d950596d55e3a62742f0ea12288f3100e", "size": 516978, "path": "media/images/Env_0_171d22d40dccf4fbbcea.png", "format": "png", "width": 812, "height": 650}, "_timestamp": 1707476506.4161863, "_runtime": 62803.428235292435, "_step": 26262, "total_avg_loss": 0.7745070457458496, "eval_score": 0.24139292538166046, "best_eval_score": 0.24314738810062408, "train_iteration": 63, "train_r2_score": -0.4136558473110199, "eval_r2_score": 0.8640592694282532, "train_epoch": 639, "best_trajectory_value": 3.147439956665039, "trajectory_optimization_iteration": 25325, "episode_steps": 4, "episode_reward": 2.547619047619048, "env_episode": 316}