{"Env": {"_type": "image-file", "sha256": "2830b58ba72d6ab3d1e798f2c0858424f853cd781f70769227b1b0a47c413253", "size": 515620, "path": "media/images/Env_0_2830b58ba72d6ab3d1e7.png", "format": "png", "width": 812, "height": 650}, "_timestamp": 1707728769.9702268, "_runtime": 40025.725643873215, "_step": 9741, "total_avg_loss": -2.818385601043701, "eval_score": 0.0003106315270997584, "best_eval_score": 0.0003126476949546486, "train_iteration": 23, "train_r2_score": 0.08938618004322052, "eval_r2_score": 0.9275524616241455, "train_epoch": 239, "best_trajectory_value": 2.2450125217437744, "trajectory_optimization_iteration": 9403, "episode_steps": 4, "episode_reward": 2.935897435897436, "env_episode": 117}