{"Env": {"_type": "image-file", "sha256": "02406ca8de3690afc5de530da9d7ec21c41de2b64da4e1bfdc92d9766ecb1d08", "size": 513265, "path": "media/images/Env_0_02406ca8de3690afc5de.png", "format": "png", "width": 812, "height": 650}, "_timestamp": 1707688825.5163958, "_runtime": 81.68302178382874, "_step": 171, "total_avg_loss": 2.7447140216827393, "eval_score": 2.4405357837677, "best_eval_score": 2.4405357837677, "train_iteration": 0, "train_r2_score": -0.2765760123729706, "eval_r2_score": 0.43737438321113586, "train_epoch": 9, "best_trajectory_value": 1.629347562789917, "trajectory_optimization_iteration": 179, "episode_steps": 4, "episode_reward": 0.9578947368421052, "env_episode": 1, "_wandb": {"runtime": 82}}