{"Env": {"_type": "image-file", "sha256": "2dc467fda8ff1cc12b7ef247340a9afb4d22346482d2effd06cb96c1a3a4d94c", "size": 514572, "path": "media/images/Env_0_2dc467fda8ff1cc12b7e.png", "format": "png", "width": 812, "height": 650}, "_timestamp": 1707687565.7712889, "_runtime": 15632.933169841766, "_step": 11364, "total_avg_loss": -1.7589982748031616, "eval_score": 0.00159431470092386, "best_eval_score": 0.0015933085232973099, "train_iteration": 27, "train_r2_score": -0.21981477737426758, "eval_r2_score": 0.9247930645942688, "train_epoch": 279, "best_trajectory_value": 1.001067042350769, "trajectory_optimization_iteration": 10967, "episode_steps": 4, "episode_reward": 3.1, "env_episode": 136}