{"Env": {"_type": "image-file", "sha256": "5b38be306a349bc242e6fb03de3134e932fd3410317ac86fc950e616bc9b118b", "size": 515026, "path": "media/images/Env_0_5b38be306a349bc242e6.png", "format": "png", "width": 812, "height": 650}, "_timestamp": 1707728907.8459852, "_runtime": 40151.38558220863, "_step": 8888, "total_avg_loss": 1.003957748413086, "eval_score": 0.2316301316022873, "best_eval_score": 0.2316301316022873, "train_iteration": 21, "train_r2_score": 0.10388585180044174, "eval_r2_score": 0.957595944404602, "train_epoch": 219, "best_trajectory_value": 2.0267109870910645, "trajectory_optimization_iteration": 8580, "episode_steps": 4, "episode_reward": 2.833690946734425, "env_episode": 107}