{"Env": {"_type": "image-file", "sha256": "08b201c7e6acbff60e0da4b2183befb5b83c693806f7c01df6fd95395ea898af", "size": 516984, "path": "media/images/Env_0_08b201c7e6acbff60e0d.png", "format": "png", "width": 812, "height": 650}, "_timestamp": 1707454226.3522282, "_runtime": 19940.07202720642, "_step": 4990, "total_avg_loss": -0.09195800125598907, "eval_score": 0.08207257091999054, "best_eval_score": 0.082486093044281, "train_iteration": 12, "train_r2_score": -Infinity, "eval_r2_score": -Infinity, "train_epoch": 129, "best_trajectory_value": 1.358285903930664, "trajectory_optimization_iteration": 4819, "episode_steps": 4, "episode_reward": 0.6621199204319409, "env_episode": 60}