{"Env": {"_type": "image-file", "sha256": "a46c3d74b450daabb7b6227a7574b8f80487c0bd56dd81c0f1ce8fe7184887a6", "size": 520996, "path": "media/images/Env_0_a46c3d74b450daabb7b6.png", "format": "png", "width": 812, "height": 650}, "_timestamp": 1707728898.3438807, "_runtime": 40141.88261270523, "_step": 8887, "total_avg_loss": 1.3703967332839966, "eval_score": 0.5195874571800232, "best_eval_score": 0.5195874571800232, "train_iteration": 21, "train_r2_score": 0.17083050310611725, "eval_r2_score": 0.8786524534225464, "train_epoch": 219, "best_trajectory_value": 0.9044266939163208, "trajectory_optimization_iteration": 8579, "episode_steps": 4, "episode_reward": 2.8997364953886695, "env_episode": 107}