{"Env": {"_type": "image-file", "sha256": "04bfd1eed8839f40793ba61990959a996ee3ed54ff8be21b649bf364ed3d3c19", "size": 521282, "path": "media/images/Env_0_04bfd1eed8839f40793b.png", "format": "png", "width": 812, "height": 650}, "_timestamp": 1707688835.733006, "_runtime": 92.17773008346558, "_step": 171, "total_avg_loss": 3.501485586166382, "eval_score": 2.646019697189331, "best_eval_score": 2.646019697189331, "train_iteration": 0, "train_r2_score": -0.17562778294086456, "eval_r2_score": 0.6565651893615723, "train_epoch": 9, "best_trajectory_value": 2.93913197517395, "trajectory_optimization_iteration": 179, "episode_steps": 4, "episode_reward": 0.9578947368421052, "env_episode": 1, "_wandb": {"runtime": 93}}