{"Env": {"_type": "image-file", "sha256": "c8dde858e4b10b5b163c069726ae740c73130f0755512af42cd04ba176a1fab1", "size": 515118, "path": "media/images/Env_0_c8dde858e4b10b5b163c.png", "format": "png", "width": 812, "height": 650}, "_timestamp": 1707448903.0786924, "_runtime": 14616.779859542847, "_step": 4583, "total_avg_loss": 0.6905882358551025, "eval_score": 0.1614082306623459, "best_eval_score": 0.16253723204135895, "train_iteration": 11, "train_r2_score": -Infinity, "eval_r2_score": -Infinity, "train_epoch": 119, "best_trajectory_value": 0.9832575917243958, "trajectory_optimization_iteration": 4427, "episode_steps": 4, "episode_reward": 0.9159663865546219, "env_episode": 55}