{"DBN graph": {"_type": "html-file", "sha256": "cb0e30f30e0d379d7d8bd6b37754e2151f811399a62ccf54f536cb219905988a", "size": 7338, "path": "media/html/DBN graph_0_cb0e30f30e0d379d7d8b.html"}, "_timestamp": 1706030439.301608, "_runtime": 9585.078713178635, "_step": 180, "train_epoch": 179, "total_avg_loss": 0.030557701982843355, "eval_score": 0.044793639332056046, "best_eval_score": 2.0690238670795225e-05}