{"Env": {"_type": "image-file", "sha256": "2c78bf5d53849db305b688354f26995eea4a314ad5d3a49d36c568262d60c866", "size": 520431, "path": "media/images/Env_0_2c78bf5d53849db305b6.png", "format": "png", "width": 812, "height": 650}, "_timestamp": 1707728757.528676, "_runtime": 40013.556704998016, "_step": 9489, "total_avg_loss": 0.846848726272583, "eval_score": 0.2056649625301361, "best_eval_score": 0.2056649625301361, "train_iteration": 22, "train_r2_score": 0.14664705097675323, "eval_r2_score": 0.9623668193817139, "train_epoch": 229, "best_trajectory_value": 2.3048322200775146, "trajectory_optimization_iteration": 9164, "episode_steps": 4, "episode_reward": 2.8896358543417366, "env_episode": 114}