{"Env": {"_type": "image-file", "sha256": "9db933742289b26ee94bc09a004b83517cbda4cd5209a7ec5a61bec02360f628", "size": 515179, "path": "media/images/Env_0_9db933742289b26ee94b.png", "format": "png", "width": 812, "height": 650}, "_timestamp": 1707728881.2079916, "_runtime": 40124.722222566605, "_step": 9023, "total_avg_loss": 0.8299121856689453, "eval_score": 0.16973266005516052, "best_eval_score": 0.16973266005516052, "train_iteration": 21, "train_r2_score": 0.17155197262763977, "eval_r2_score": 0.9665589332580566, "train_epoch": 219, "best_trajectory_value": 1.701639175415039, "trajectory_optimization_iteration": 8714, "episode_steps": 4, "episode_reward": 1.9176788124156547, "env_episode": 108}