{"Env": {"_type": "image-file", "sha256": "e93a6683215a9c73fda1c3f7293185923c9e0e6c0d7601791cd8a58ead77007c", "size": 515525, "path": "media/images/Env_0_e93a6683215a9c73fda1.png", "format": "png", "width": 812, "height": 650}, "_timestamp": 1707728656.2349846, "_runtime": 39912.02115058899, "_step": 9949, "total_avg_loss": 1.0478308200836182, "eval_score": 0.47421523928642273, "best_eval_score": 0.47695741057395935, "train_iteration": 23, "train_r2_score": 0.15432526171207428, "eval_r2_score": 0.9480582475662231, "train_epoch": 239, "best_trajectory_value": 1.0034080743789673, "trajectory_optimization_iteration": 9609, "episode_steps": 4, "episode_reward": 2.5, "env_episode": 119}