{"Env": {"_type": "image-file", "sha256": "6dbec397fbd1171d298c93fcfb247c60a678de0529ae1ceddebe8c390ff22fc6", "size": 517721, "path": "media/images/Env_0_6dbec397fbd1171d298c.png", "format": "png", "width": 812, "height": 650}, "_timestamp": 1707476473.9357977, "_runtime": 67794.92200660706, "_step": 27483, "total_avg_loss": 0.806293249130249, "eval_score": 0.20327550172805786, "best_eval_score": 0.20379672944545746, "train_iteration": 60, "train_r2_score": -0.9597533345222473, "eval_r2_score": 0.8930605053901672, "train_epoch": 3049, "best_trajectory_value": 2.6739466190338135, "trajectory_optimization_iteration": 24151, "episode_steps": 4, "episode_reward": 3.5833333333333335, "env_episode": 301}