{"Env": {"_type": "image-file", "sha256": "3b759c7a0e954e0324c19137f19df33c6779e014217d56181a4bdc2f914672de", "size": 521668, "path": "media/images/Env_0_3b759c7a0e954e0324c1.png", "format": "png", "width": 812, "height": 650}, "_timestamp": 1707688853.2138836, "_runtime": 109.5780565738678, "_step": 171, "total_avg_loss": 0.704621434211731, "eval_score": 0.01745578646659851, "best_eval_score": 0.01745578646659851, "train_iteration": 0, "train_r2_score": -621.8917236328125, "eval_r2_score": -11.472797393798828, "train_epoch": 9, "best_trajectory_value": 1.5030174255371094, "trajectory_optimization_iteration": 179, "episode_steps": 4, "episode_reward": 1.0736842105263158, "env_episode": 1, "_wandb": {"runtime": 110}}