{"Env": {"_type": "image-file", "sha256": "8bee396fafcda00225d72308f5b0da201eb9d94b80a3367010dbbc1b87a5faa0", "size": 516569, "path": "media/images/Env_0_8bee396fafcda00225d7.png", "format": "png", "width": 812, "height": 650}, "_timestamp": 1707728910.6827972, "_runtime": 40154.22370624542, "_step": 8883, "total_avg_loss": -2.2203731536865234, "eval_score": 0.0007302950252778828, "best_eval_score": 0.000735501351300627, "train_iteration": 21, "train_r2_score": 0.16708143055438995, "eval_r2_score": 0.5868492126464844, "train_epoch": 219, "best_trajectory_value": 0.49011462926864624, "trajectory_optimization_iteration": 8576, "episode_steps": 4, "episode_reward": 2.6725274725274724, "env_episode": 106}