{"Env": {"_type": "image-file", "sha256": "d5e5386157a94ef2918317a21e3afaf26478a652d760710a12ef43bb308c1540", "size": 518667, "path": "media/images/Env_0_d5e5386157a94ef29183.png", "format": "png", "width": 812, "height": 650}, "_timestamp": 1707477528.0601203, "_runtime": 43245.87764143944, "_step": 21455, "total_avg_loss": 1.4008759260177612, "eval_score": 0.4326086640357971, "best_eval_score": 0.4331236183643341, "train_iteration": 51, "train_r2_score": -0.5031980872154236, "eval_r2_score": 0.843846321105957, "train_epoch": 519, "best_trajectory_value": 7.6650590896606445, "trajectory_optimization_iteration": 20696, "episode_steps": 4, "episode_reward": 1.4333333333333333, "env_episode": 258}